{"cameraMode":{"drawMode":0,"name":"Shaded","section":"Shading Mode"},"sceneLighting":true,"audioPlay":false,"sceneViewState":{"m_AlwaysRefresh":false,"showFog":true,"showSkybox":true,"showFlares":true,"showImageEffects":true,"showParticleSystems":true,"showVisualEffectGraphs":true,"m_FxEnabled":true},"in2DMode":false,"pivot":{"x":46.949745178222659,"y":109.88758087158203,"z":4010.943603515625},"rotation":{"x":0.009599716402590275,"y":-0.0051033999770879749,"z":-0.00004918622289551422,"w":-0.9999368786811829},"size":2100.89111328125,"orthographic":false}